{
    "@id": "CNSTAPTPC/tumorPatientCalculator/v2.0",
    "@type": "koio:KnowledgeObject",
    "title": "CNS_TAP Tumor and Patient Specific Factors Calculator",
    "identifier": "ark:/CNSTAPTPC/tumorPatientCalculator/v2.0",
    "version": "v2.0",
    "description": "Patient Specific weights for CNS-TAP",
    "contributors": "Kgrid Team",
    "keywords": [
        "knowledge",
        "object"
    ],
    "hasServiceSpecification": "service.yaml",
    "hasDeploymentSpecification": "deployment.yaml",
    "hasPayload": "src/index.js",
    "@context": [
        "http://kgrid.org/koio/contexts/knowledgeobject.jsonld"
    ]
}
