{
    "@id": "natalielampa-cns_tap_object",
    "@type": "koio:KnowledgeObject",
    "identifier": "ark:/natalielampa/cns_tap_object",
    "version": "1.0.0",
    "title": "Knowledge Object Title",
    "contributors": "Kgrid Team",
    "description": "Knowledge Object Description",
    "keywords": [
        "knowledge",
        "object"
    ],
    "hasServiceSpecification": "service.yaml",
    "hasDeploymentSpecification": "service.yaml",
    "hasPayload": [
        "src/index.js"
    ],
    "@context": [
        "http://kgrid.org/koio/contexts/knowledgeobject.jsonld"
    ]
}
